Ferrovia;Ano;Linha;Segmento_Pátio A;Segmento_Pátio B;Extensão (km);Bitola;Raio Mín. de Curva (m);Rampa Máxima (%)_Crescente;Rampa Máxima (%)_Decrescente;Nº de Linhas;Sentido do Tráfego;Controle de Circulação;Nº Dias Operacionais;Sist. de Sinalização;Potência (HP);Permite Circ. de Produto Perigoso;Equipamento Embarcado Loco.;Tempo de Percurso (min)_Crescente;Tempo de Percurso (min)_Decrescente;Justificativa de Tráfego;Tempo de Lic. (min);Sessões de Bloqueio;Índices de Eficiência Considerado (%)_K1;Índices de Eficiência Considerado (%)_K2;Índices de Eficiência Considerado (%)_K3;Índices de Eficiência Considerado (%)_K;Capacidade_Instalada Calculada_Crescente;Capacidade_Instalada Calculada_Decrescente;Capacidade_Vinculada Considerada_Crescente;Capacidade_Vinculada Considerada_Decrescente;Capacidade_Ociosa Considerada_Crescente;Capacidade_Ociosa Considerada_Decrescente
MRS;2025;Ramal Porto Sudeste;Brisamar (FBA), km 0,000;Porto Sudeste (FOP), km 3,000;3.0;Larga ;150;0.2;0.0;Dupla;Bidirecional;CCO;365;Segmento não sinalizado;;Não;Não;10.8;10.8;;5.0;1.0;0.9;0.67;1;0.603;54.9569620253;54.9569620253;7.82;7.82;47.1329620253;47.1329620253
MRS;2025;Segregação Leste;Suzano Novo (ISU), km 27,047;Aracaré Leste (IRA), km 34,159;9.158;Larga ;0;0.0;0.0;Singela;Bidirecional;CCO;365;ATC;;Sim;Não;11.93;11.13;;20.0;1.0;1.0;0.7;1;0.7;23.40919647;23.40919647;5.39;5.71;18.0187692554;17.6960147302
MRS;2025;Segregação Leste;Aracaré Leste (IRA), km 34,159;Pinheirinho (FPI), km 39,095;10.044;Larga ;239;1.0;0.0;Singela;Bidirecional;CCO;365;Segmento não sinalizado;;Sim;Não;55.26;32.5;;20.0;1.0;0.9;0.7;1;0.63;8.4187082405;8.4187082405;5.36;5.71;3.0613274975;2.7038532617
MRS;2025;Ligação Pereque - Areais;Pereque (ZPG), km 14,000;Areais (IAA), km 15,000;1.23;Mista;160;1.71;2.29;Singela;Bidirecional;CCO;365;CTC;;Não;Não;7.2;10.8;;14.0;1.0;0.9281;0.7;1;0.6497;29.23515;29.23515;14.47;14.47;14.76315;14.76315
MRS;2025;Ramal Córrego do Feijão;Alberto Flores (FAF), km 574,000;Córrego do Feijão (FCF), km 581,000;7.0;Larga ;0;0.1;0.3;Singela;Interrompido;CCO;365;Segmento não sinalizado;8772.0;Não;Sim;0.0;0.0;Trecho desativado.;;;0.0;0.0;0;0.0;0.0;0.0;0.0;0.0;0.0;0.0
MRS;2025;Ligação à Arará;Arará (FAR), km 0,000;Rocha Sobrinho (HRS), km 29,000;28.999;Larga ;100;1.76;1.93;Singela;Bidirecional;CCO;365;Segmento não sinalizado;;Não;Não;78.9;78.97;;10.0;1.0;1.0;0.7;1;0.7;6.0046464526;6.0046464526;3.06;3.06;2.9432384317;2.9432384317
MRS;2025;Ligação à Arará;Rocha Sobrinho (HRS), km 29,000;Posto km 64 (FQS), km 64,000;35.0;Larga ;231;1.18;1.1;Singela;Bidirecional;CCO;365;Segmento não sinalizado;;Não;Não;31.25;91.73;;10.0;1.0;1.0;0.7;1;0.7;7.5800872311;7.5800872311;3.06;3.06;4.5186792103;4.5186792103
MRS;2025;Brisamar - Sepetiba;Brisamar (FBA), km 0,000;Baia Sepetiba (FXS), km 5,000;5.0;Larga ;173;0.01;0.02;Singela;Bidirecional;CCO;365;Segmento não sinalizado;;Não;Não;12.6;29.4;;6.0;1.0;1.0;0.73;1;0.73;21.9;21.9;13.32;13.35;8.5811044617;8.5486389788
MRS;2025;Ramal da Cosigua;Brisamar (FBA), km 0,000;Siderúrgica do Atlântico (HSG), km 16,000;16.0;Larga ;173;0.01;0.02;Singela;Bidirecional;CCO;365;Segmento não sinalizado;;Não;Não;104.4;102.6;;10.0;2.0;1.0;0.67;1;0.67;4.4460829493;4.4460829493;2.94;2.94;1.5044885278;1.5044885278
MRS;2025;Ramal do Terminal de Cimento Barroso;Barbacena (FBC), km 0,000;Terminal Cimento Barroso (FAB), km 1,000;1.0;Larga ;182;0.0;0.0;Singela;Bidirecional;CCO;365;TWE;;Não;Sim;90.0;90.0;;14.0;1.0;0.8338;0.67;1;0.5586;4.1466507216;4.1466507216;1.09;1.09;3.0552763426;3.0552763426
MRS;2025;Ramal do Terminal da Paraibuna Metais;Benfica (FBF), km 0,000;Terminal Paraibuna de Metais (FPM), km 6,000;6.0;Larga ;120;0.0;0.0;Singela;Bidirecional;CCO;365;TWE;;Não;Sim;18.6;31.2;;14.0;1.0;0.8338;0.67;1;0.5586;12.608937931;12.608937931;1.07;1.07;11.5357260442;11.5357260442
MRS;2025;Linha de São Paulo;Barra do Pirai (FBP), km 108,222;Pulverizacao (FPU), km 110,662;2.44;Larga ;575;0.2;0.2;Dupla;Bidirecional;CCO;365;CBTC;;Não;Sim;10.8;6.0;;3.0;2.0;0.9817;0.79;1;0.7755;80.9262260869;124.08688;6.94;45.93;73.9852985898;78.1546929071
MRS;2025;Linha de São Paulo;Pulverizacao (FPU), km 110,662;Waldemar de Brito (FWB), km 115,836;5.174;Larga ;490;0.4;1.0;Dupla;Bidirecional;CCO;365;CBTC;;Não;Sim;6.0;11.4;;3.0;2.0;0.9817;0.79;1;0.7755;124.08688;77.5543;6.94;45.93;117.1459525028;31.6221129071
MRS;2025;Linha de São Paulo;Waldemar de Brito (FWB), km 115,836;Vargem Alegre (FVA), km 121,890;6.054;Larga ;224;0.3;0.29;Dupla;Bidirecional;CCO;365;CBTC;;Não;Sim;16.2;15.6;;3.0;2.0;0.9817;0.79;1;0.7755;58.165725;60.0420387096;6.94;45.93;51.2247975028;14.1098516168
MRS;2025;Linha de São Paulo;Vargem Alegre (FVA), km 121,890;Pinheiral (FPL), km 130,192;8.302;Larga ;220;0.7;0.6;Dupla;Bidirecional;CCO;365;CBTC;;Não;Sim;17.4;12.0;;3.0;2.0;0.9817;0.79;1;0.7755;54.7442117647;74.452128;6.94;45.93;47.8032842675;28.5199409071
MRS;2025;Linha de São Paulo;Pinheiral (FPL), km 130,192;Rademaker (FRK), km 138,353;8.161;Larga ;326;0.5;0.5;Dupla;Bidirecional;CCO;365;CBTC;;Não;Sim;18.0;12.0;;3.0;2.0;0.9817;0.79;1;0.7755;53.1800914285;74.452128;6.94;45.93;46.2391639314;28.5199409071
MRS;2025;Linha de São Paulo;Rademaker (FRK), km 138,353;Volta Redonda (FVR), km 144,872;6.319;Larga ;850;0.6;0.6;Dupla;Bidirecional;CCO;365;CBTC;;Não;Sim;49.2;7.2;;3.0;2.0;0.9817;0.79;1;0.7755;21.3942896551;109.4884235294;6.94;45.93;14.453362158;63.5562364366
MRS;2025;Linha de São Paulo;Volta Redonda (FVR), km 144,872;Inferno Verde (FIV), km 148,000;3.127;Larga ;708;0.4;0.7;Dupla;Bidirecional;CCO;365;CBTC;;Não;Sim;6.6;3.6;;3.0;2.0;0.9817;0.79;1;0.7755;116.33145;169.2093818181;6.94;45.93;109.3905225028;123.2771947253
MRS;2025;Linha de São Paulo;Inferno Verde (FIV), km 148,000;Barbará (FBB), km 150,000;2.0;Larga ;930;0.4;0.1;Dupla;Bidirecional;CCO;365;CBTC;;Não;Sim;21.0;7.8;;3.0;2.0;0.9817;0.79;1;0.7755;46.53258;103.4057333333;6.94;43.47;39.5916525028;59.9402513943
MRS;2025;Linha de São Paulo;Barbará (FBB), km 150,000;Saudade (FSE), km 156,473;6.473;Larga ;660;0.0;0.0;Dupla;Bidirecional;CCO;365;CBTC;;Não;Sim;10.2;12.6;;3.0;2.0;0.9817;0.79;1;0.7755;84.604690909;71.5885846153;7.43;44.74;77.1717599491;26.8506261919
MRS;2025;Linha de São Paulo;Saudade (FSE), km 156,473;Pombal (FPB), km 163,777;7.303;Larga ;685;0.7;0.5;Singela;Bidirecional;CCO;365;Segmento não sinalizado;8772.0;Não;Não;16.56;13.99;;6.0;1.0;0.8251;0.73;1;0.6023;23.7303726402;23.7303726402;6.81;6.81;16.9219938156;16.9219938156
MRS;2025;Linha de São Paulo;Pombal (FPB), km 163,777;Floriano (FFL), km 172,401;8.624;Larga ;690;0.7;0.5;Singela;Bidirecional;CCO;365;CTC;;Não;Não;13.8;15.0;;6.0;1.0;0.8251;0.73;1;0.6023;24.9237103448;24.9237103448;6.81;6.81;18.1153315202;18.1153315202
MRS;2025;Linha de São Paulo;Floriano (FFL), km 172,401;Agulhas Negras (FAN), km 190,584;18.183;Larga ;690;0.6;0.7;Singela;Bidirecional;CCO;365;CTC;;Não;Não;29.4;26.4;;6.0;1.0;0.8251;0.73;1;0.6023;14.0347106796;14.0347106796;6.81;6.81;7.226331855;7.226331855
MRS;2025;Linha de São Paulo;Agulhas Negras (FAN), km 190,584;Itatiaia (FIA), km 203,141;12.557;Larga ;675;0.6;0.2;Singela;Bidirecional;CCO;365;CTC;;Não;Não;19.2;20.4;;6.0;2.0;0.8251;0.73;1;0.6023;19.0207263157;19.0207263157;6.3;6.3;12.7219478119;12.7219478119
MRS;2025;Linha de São Paulo;Itatiaia (FIA), km 203,141;Eng. Passos (FEP), km 216,554;13.413;Larga ;510;0.6;0.0;Singela;Bidirecional;CCO;365;CTC;;Não;Não;22.2;19.2;;6.0;1.0;0.8251;0.73;1;0.6023;18.2984202531;18.2984202531;6.3;6.3;11.9996417493;11.9996417493
MRS;2025;Linha de São Paulo;Eng. Passos (FEP), km 216,554;Queluz (FQU), km 227,846;11.292;Larga ;470;0.5;0.7;Singela;Bidirecional;CCO;365;CTC;;Não;Não;15.6;17.4;;6.0;1.0;0.8251;0.73;1;0.6023;22.2396184615;22.2396184615;5.67;5.67;16.565392093;16.565392093
MRS;2025;Linha de São Paulo;Queluz (FQU), km 227,846;Vila Queimada (FVQ), km 237,144;9.298;Larga ;605;0.5;0.3;Singela;Bidirecional;CCO;365;CTC;;Não;Não;17.4;18.0;;6.0;1.0;0.8251;0.73;1;0.6023;20.9503652173;20.9503652173;5.67;5.67;15.2761388489;15.2761388489
MRS;2025;Linha de São Paulo;Vila Queimada (FVQ), km 237,144;Cruzeiro (FCZ), km 252,382;15.238;Larga ;820;0.5;0.2;Singela;Bidirecional;CCO;365;CTC;;Não;Não;24.0;20.4;;6.0;1.0;0.8251;0.73;1;0.6023;17.2092285714;17.2092285714;5.67;5.67;11.5350022029;11.5350022029
MRS;2025;Linha de São Paulo;Cruzeiro (FCZ), km 252,382;Cachoeira Paulista (FCP), km 265,272;12.89;Larga ;795;0.6;0.5;Singela;Bidirecional;CCO;365;CTC;;Não;Não;19.2;22.2;;6.0;1.0;0.8251;0.73;1;0.6023;18.2984202531;18.2984202531;6.87;6.87;11.4241938846;11.4241938846
MRS;2025;Linha de São Paulo;Cachoeira Paulista (FCP), km 265,272;Lorena (FLR), km 280,395;15.122;Larga ;800;0.61;0.56;Singela;Bidirecional;CCO;365;CTC;;Não;Não;24.6;21.0;;6.0;1.0;0.8251;0.73;1;0.6023;16.8090139534;16.8090139534;6.87;6.87;9.934787585;9.934787585
MRS;2025;Linha de São Paulo;Lorena (FLR), km 280,395;Eng. Neiva (FEN), km 287,982;7.587;Larga ;820;0.5;0.3;Singela;Bidirecional;CCO;365;CTC;;Não;Não;14.38;14.01;;6.0;1.0;0.8251;0.73;1;0.6023;25.2208525734;25.2208525734;6.87;6.87;18.3466262049;18.3466262049
MRS;2025;Linha de São Paulo;Eng. Neiva (FEN), km 287,982;Aparecida (FAD), km 297,880;9.897;Larga ;2230;0.7;0.5;Singela;Bidirecional;CCO;365;CTC;;Sim;Não;18.6;16.8;;6.0;1.0;0.8251;0.73;1;0.6023;20.9503652173;20.9503652173;7.06;7.06;13.8934239437;13.8941048688
MRS;2025;Linha de São Paulo;Aparecida (FAD), km 297,880;Roseira (FRA), km 308,430;10.55;Larga ;630;0.6;0.5;Singela;Bidirecional;CCO;365;CTC;;Sim;Não;17.4;15.6;;6.0;1.0;0.8251;0.73;1;0.6023;22.2396184615;22.2396184615;7.06;7.06;15.1826771878;15.183358113
MRS;2025;Linha de São Paulo;Roseira (FRA), km 308,430;Curuputuba (FCT), km 318,416;9.985;Larga ;1010;0.56;0.78;Singela;Bidirecional;CCO;365;CTC;;Sim;Não;17.18;14.25;;6.0;2.0;0.8251;0.73;1;0.6023;23.1724584557;23.1724584557;7.86;7.85;15.3168267138;15.3175076389
MRS;2025;Linha de São Paulo;Curuputuba (FCT), km 318,416;Pindamonhangaba (FPG), km 325,691;7.275;Larga ;1850;0.4;0.4;Singela;Bidirecional;CCO;365;CTC;;Sim;Não;16.2;15.0;;6.0;1.0;0.8251;0.73;1;0.6023;23.3157290322;23.3157290322;8.39;8.67;14.9259384761;14.6458966749
MRS;2025;Linha de São Paulo;Pindamonhangaba (FPG), km 325,691;Taubaté (FTA), km 344,336;15.5;Larga ;1850;0.6;0.5;Singela;Bidirecional;CCO;365;Segmento não sinalizado;;Sim;Não;30.0;31.4;;10.0;1.0;0.8251;0.67;1;0.5528;11.1492504201;11.1492504201;9.59;8.67;1.559459864;2.4794180628
MRS;2025;Linha de São Paulo;Taubaté (FTA), km 344,336;Caçapava (FCA), km 365,725;17.0;Larga ;1163;0.3;0.7;Singela;Bidirecional;CCO;365;Segmento não sinalizado;;Sim;Não;32.4;30.6;;10.0;2.0;0.8251;0.67;1;0.5528;10.9048832876;10.9048832876;9.59;9.71;1.3150927315;1.1995481363
MRS;2025;Linha de São Paulo;Caçapava (FCA), km 365,725;Edmar Alves (FEA), km 374,000;8.275;Larga ;3000;0.3;0.4;Singela;Bidirecional;CCO;365;Segmento não sinalizado;;Sim;Não;12.0;17.4;;10.0;1.0;0.8251;0.67;1;0.5528;20.2044791878;20.2044791878;8.21;9.69;11.9974674277;10.5174256265
MRS;2025;Linha de São Paulo;Edmar Alves (FEA), km 374,000;Eng. Martins Guimarães (FEM), km 381,668;7.667;Larga ;975;0.6;0.6;Singela;Bidirecional;CCO;365;Segmento não sinalizado;;Sim;Não;14.4;17.4;;10.0;2.0;0.8251;0.67;1;0.5528;19.0444133971;19.0444133971;8.46;9.94;10.5795450698;9.0995032685
MRS;2025;Linha de São Paulo;Eng. Martins Guimarães (FEM), km 381,668;São José dos Campos (FSJ), km 388,404;6.735;Larga ;755;0.6;0.7;Singela;Bidirecional;CCO;365;Segmento não sinalizado;;Sim;Não;15.6;8.4;;10.0;1.0;0.8251;0.67;1;0.5528;23.4134258823;23.4134258823;8.46;9.94;14.948557555;13.4685157538
MRS;2025;Linha de São Paulo;São José dos Campos (FSJ), km 388,404;Pagador Andrade (FPA), km 402,324;13.92;Larga ;1325;0.68;0.3;Singela;Bidirecional;CCO;365;Segmento não sinalizado;;Sim;Não;20.4;27.6;;10.0;1.0;0.8251;0.67;1;0.5528;13.7251117241;13.7251117241;8.46;9.94;5.2602433968;3.7802015955
MRS;2025;Linha de São Paulo;Pagador Andrade (FPA), km 402,324;Remédios (FRE), km 418,187;15.863;Larga ;680;0.85;0.52;Singela;Bidirecional;CCO;365;Segmento não sinalizado;;Sim;Não;30.0;28.2;;10.0;1.0;0.8251;0.67;1;0.5528;11.6723824046;11.6723824046;7.42;8.9;4.2524626511;2.7724208498
MRS;2025;Linha de São Paulo;Remédios (FRE), km 418,187;Itapeti (FIP), km 431,908;13.721;Larga ;670;1.0;0.14;Singela;Bidirecional;CCO;365;Segmento não sinalizado;;Sim;Não;27.6;24.0;;10.0;1.0;0.8251;0.67;1;0.5528;12.9229948051;12.9229948051;7.42;8.9;5.5030750516;4.0230332503
MRS;2025;Linha de São Paulo;Itapeti (FIP), km 431,908;São Bento (FST), km 441,364;9.455;Larga ;715;1.23;0.6;Singela;Bidirecional;CCO;365;Segmento não sinalizado;;Sim;Não;26.4;14.4;;10.0;1.0;0.8251;0.67;1;0.5528;15.6704031496;15.6704031496;6.22;7.7;9.450483396;7.9704415947
MRS;2025;Linha de São Paulo;São Bento (FST), km 441,364;Pinheirinho (FPI), km 454,786;13.422;Larga ;670;1.0;0.14;Singela;Bidirecional;CCO;365;Segmento não sinalizado;;Sim;Não;25.8;29.4;;10.0;1.0;0.8251;0.67;1;0.5528;12.2094552147;12.2094552147;10.03;7.7;2.1821159588;4.5094936599
MRS;2025;Linha de São Paulo;Pinheirinho (FPI), km 454,786;Manoel Feio (IEF), km 461,858;7.072;Larga ;0;0.0;0.6;Singela;Bidirecional;CCO;365;Segmento não sinalizado;;Sim;Não;18.6;12.6;;10.0;1.0;0.9151;0.67;1;0.6131;21.4293320388;21.4293320388;12.11;6.89;9.3197932717;14.5371163519
MRS;2025;Ramal do Terminal da Açominas;Dr. Joaquim Murtinho (FDM), km 477,852;Ouro Branco (VOB), km 487,427;9.575;Larga ;197;2.0;0.3;Singela;Bidirecional;CCO;365;Segmento não sinalizado;;Não;Não;48.6;63.0;;10.0;1.0;0.9533;0.67;1;0.6387;7.5636828947;7.5636828947;3.04;3.04;4.5214997909;4.5214997909
MRS;2025;Variante do Paraopeba;Dr. Joaquim Murtinho (FDM), km 477,852;Posto km 482 (FQD), km 482,055;4.203;Larga ;197;2.0;0.3;Singela;Crescente;CCO;365;Segmento não sinalizado;;Não;Não;10.2;0.0;;3.0;1.0;0.8333;0.76;1;0.6333;69.0881454545;0.0;38.86;0.0;30.2317334039;0.0
MRS;2025;Variante do Paraopeba;Posto km 482 (FQD), km 482,055;Caetano Lopes (FLP), km 498,550;16.494;Larga ;190;0.5;0.92;Singela;Crescente;CCO;365;TWE;;Não;Sim;26.86;0.0;;3.0;4.0;0.8333;0.76;2;1.2666;61.0826202277;0.0;41.26;0.0;19.8262081771;0.0
MRS;2025;Variante do Paraopeba;Caetano Lopes (FLP), km 498,550;Jeceaba (FJR), km 504,180;5.63;Larga ;184;0.53;0.8;Singela;Bidirecional;CCO;365;TWE;8772.0;Não;Sim;15.0;7.8;;6.0;1.0;0.8533;0.62;1;0.529;26.4523;26.4523;16.52;3.2;9.9297064788;23.2523
MRS;2025;Variante do Paraopeba;Jeceaba (FJR), km 504,180;Arrojado Lisboa (FAL), km 514,820;10.64;Larga ;195;0.36;0.9;Singela;Bidirecional;CCO;365;TWE;8772.0;Sim;Sim;16.8;13.8;;6.0;1.0;0.8533;0.62;1;0.529;20.8149245901;20.8149245901;17.94;15.54;2.876331069;5.276331069
MRS;2025;Variante do Paraopeba;Arrojado Lisboa (FAL), km 514,820;Posto km 520 (FQZ), km 519,561;4.74;Larga ;196;0.4;0.9;Singela;Bidirecional;CCO;365;TWE;8772.0;Sim;Sim;6.6;7.8;;6.0;1.0;0.8533;0.62;1;0.529;37.3444235294;37.3444235294;17.94;15.54;19.4058300082;21.8058300082
MRS;2025;Variante do Paraopeba;Posto km 520 (FQZ), km 519,561;Belo Vale (FBV), km 530,039;10.477;Larga ;197;0.0;0.0;Singela;Bidirecional;CCO;365;TWE;;Sim;Sim;16.8;16.2;;6.0;1.0;0.8533;0.62;1;0.529;19.5340061538;19.5340061538;17.41;15.54;2.1266990834;3.9954126327
MRS;2025;Variante do Paraopeba;Belo Vale (FBV), km 530,039;Posto km 537 (FTC), km 537,000;6.961;Larga ;175;0.2;0.6;Singela;Bidirecional;CCO;365;TWE;8772.0;Sim;Sim;13.2;14.4;;6.0;1.0;0.8533;0.62;1;0.529;22.6734;22.6734;17.94;15.54;4.7348064788;7.1348064788
MRS;2025;Variante do Paraopeba;Posto km 537 (FTC), km 537,000;Moeda (FMD), km 543,583;6.582;Larga ;192;1.08;0.83;Singela;Bidirecional;CCO;365;TWE;8772.0;Sim;Sim;10.8;12.0;;6.0;1.0;0.8533;0.62;1;0.529;26.4523;26.4523;17.94;15.54;8.5137064788;10.9137064788
MRS;2025;Variante do Paraopeba;Moeda (FMD), km 543,583;Marinhos (FMS), km 553,618;10.035;Larga ;218;1.41;1.07;Singela;Bidirecional;CCO;365;TWE;8772.0;Sim;Sim;13.8;18.0;;6.0;1.0;0.85;0.58;1;0.493;18.7809523809;18.7809523809;16.74;15.54;2.0377533739;3.2423588598
MRS;2025;Variante do Paraopeba;Marinhos (FMS), km 553,618;Cel. Eurico (FLC), km 559,420;5.801;Larga ;197;0.0;1.0;Singela;Bidirecional;CCO;365;TWE;8772.0;Sim;Sim;7.8;12.0;;6.0;1.0;0.85;0.58;1;0.493;27.5162790697;27.5162790697;17.94;15.54;9.5776855486;11.9776855486
MRS;2025;Variante do Paraopeba;Cel. Eurico (FLC), km 559,420;Melo Franco (FML), km 566,080;6.66;Larga ;311;0.0;1.12;Singela;Bidirecional;CCO;365;TWE;8772.0;Sim;Sim;9.0;14.4;;6.0;1.0;0.85;0.58;1;0.493;24.1469387755;24.1469387755;17.94;15.54;6.2083452543;8.6083452543
MRS;2025;Variante do Paraopeba;Melo Franco (FML), km 566,080;Posto km 575  (FCC), km 575,000;8.919;Larga ;0;0.2;0.9;Singela;Bidirecional;CCO;365;TWE;8772.0;Sim;Sim;14.4;12.6;;6.0;2.0;0.85;0.58;1;0.493;21.5127272727;21.5127272727;17.94;15.54;3.5741337515;5.9741337515
MRS;2025;Variante do Paraopeba;Posto km 575  (FCC), km 575,000;Carlos Newlands (FSN), km 584,590;9.59;Larga ;196;0.46;0.84;Singela;Bidirecional;CCO;365;TWE;;Sim;Sim;18.2;17.6;;6.0;1.0;0.85;0.58;1;0.493;16.9837320574;16.9837320574;15.12;14.54;1.8592465996;2.4451385362
MRS;2025;Variante do Paraopeba;Carlos Newlands (FSN), km 584,590;Mário Campos (FMC), km 593,966;9.375;Larga ;185;0.78;0.46;Singela;Bidirecional;CCO;365;TWE;;Sim;Sim;17.4;15.0;;6.0;1.0;0.85;0.58;1;0.493;18.4875;18.4875;13.03;11.83;5.4555051137;6.6555051137
MRS;2025;Variante do Paraopeba;Mário Campos (FMC), km 593,966;Eng. Pedro Paulo (FPO), km 606,571;12.605;Larga ;0;1.3;0.2;Singela;Bidirecional;CCO;365;TWE;;Sim;Sim;19.5;28.65;;6.0;3.0;0.85;0.6;1;0.51;13.5623268698;13.5623268698;12.03;11.83;1.5303319835;1.7303319835
MRS;2025;Variante do Paraopeba;Eng. Pedro Paulo (FPO), km 606,571;Barreiro (FBO), km 624,820;18.248;Larga ;0;1.8;0.1;Singela;Bidirecional;CCO;365;TWE;;Sim;Sim;36.0;35.2;;6.0;1.0;0.8933;0.7;1;0.6253;11.6638134715;11.6638134715;8.49;7.29;3.1734113285;4.3734113285
MRS;2025;Ramal de Mangaratiba;Guaiba (FGI), km 0,000;Sai (FSS), km 4,438;4.438;Larga ;179;0.0;0.0;Singela;Bidirecional;CCO;365;CBTC;;Não;Sim;21.6;23.4;;6.0;1.0;0.7015;0.57;1;0.3999;11.2900235294;11.2900235294;8.03;8.03;3.2621968751;3.2621968751
MRS;2025;Ramal de Mangaratiba;Sai (FSS), km 4,438;Itacurussá (FIS), km 16,985;12.547;Larga ;150;0.0;0.0;Singela;Bidirecional;CCO;365;CBTC;;Não;Sim;30.0;31.2;;6.0;1.0;0.7415;0.67;1;0.4968;10.6458214285;10.6458214285;8.03;8.03;2.6179947743;2.6179947743
MRS;2025;Ramal de Mangaratiba;Itacurussá (FIS), km 16,985;Brisamar (FBA), km 27,120;10.135;Larga ;302;0.8;0.58;Singela;Bidirecional;CCO;365;CBTC;;Não;Sim;21.0;13.2;;6.0;1.0;0.7015;0.63;1;0.4419;15.8308656716;15.8308656716;8.03;8.03;7.8030390174;7.8030390174
MRS;2025;Ramal de Mangaratiba;Brisamar (FBA), km 27,120;Santa Rosa (FOS), km 35,400;8.28;Larga ;173;0.01;0.02;Dupla;Bidirecional;CCO;365;Segmento não sinalizado;;Não;Não;11.03;14.4;;3.0;2.0;0.7415;0.67;1;0.4968;50.9906771204;41.1148965517;37.92;36.72;13.070432028;4.3946514593
MRS;2025;Ramal de Mangaratiba;Santa Rosa (FOS), km 35,400;Eng. Freixinho (FFX), km 49,000;13.6;Larga ;679;0.3;0.4;Dupla;Bidirecional;CCO;365;CBTC;;Não;Sim;11.4;9.6;;3.0;2.0;0.7015;0.65;1;0.456;45.5975;52.1114285714;37.92;36.72;7.6772549075;15.391183479
MRS;2025;Ramal de Mangaratiba;Eng. Freixinho (FFX), km 49,000;Guandu (FGD), km 57,017;8.017;Larga ;803;0.4;0.3;Dupla;Bidirecional;CCO;365;CBTC;;Não;Sim;12.6;13.8;;3.0;2.0;0.7015;0.65;1;0.456;42.09;39.0835714285;37.6;34.88;4.48575695;4.1993385907
MRS;2025;Ramal de Mangaratiba;Guandu (FGD), km 57,017;Posto km 64 (FQS), km 60,452;3.435;Larga ;574;0.2;0.1;Dupla;Bidirecional;CCO;365;CBTC;;Não;Sim;6.6;2.4;;3.0;2.0;0.7015;0.65;1;0.456;68.39625;121.5933333333;37.92;36.72;30.4760049075;84.8730882409
MRS;2025;Ramal de Águas Claras;Ibirite (FIE), km 612,735;Olhos D Água (FLH), km 623,853;11.117;Larga ;305;0.0;0.0;Singela;Bidirecional;CCO;365;CBTC;8772.0;Não;Sim;27.0;27.0;;6.0;1.0;0.9533;0.7;1;0.6673;16.01544;16.01544;3.38;3.38;12.6343294042;12.6343294042
MRS;2025;Ligação Jeceaba - P1-07;Cel. João Carlos Guedes (FJC), km 292,989;Alça Dupla RR-224 (FLA), km 300,216;4.737;Larga ;202;1.0;0.85;Singela;Decrescente;CCO;365;CBTC;8772.0;Não;Sim;0.0;13.2;;3.0;1.0;0.8813;0.79;1;0.6962;0.0;61.8868444444;0.0;23.39;0.0;38.4968444444
MRS;2025;Ligação Jeceaba - P1-07;Alça Dupla RR-224 (FLA), km 300,216;Jeceaba (FJR), km 304,885;3.0;Larga ;202;1.0;0.85;Singela;Decrescente;CCO;365;TWE;8772.0;Não;Sim;0.0;10.8;;3.0;1.0;0.8813;0.79;1;0.6962;0.0;72.649773913;0.0;14.59;0.0;58.059773913
MRS;2025;Ligação Alça Dupla - Posto Alfa;Posto Alfa (FLF), km 299,509;Alça Dupla RR-224 (FLA), km 300,216;3.829;Larga ;350;1.0;1.0;Singela;Bidirecional;CCO;365;CBTC;8772.0;Não;Sim;20.48;20.48;;3.0;1.0;0.8813;0.79;1;0.6962;22.806343949;22.806343949;0.0;8.74;22.806343949;14.066343949
MRS;2025;Posto km 452 - Miguel Burnier (Linha do Centro);Posto km 452 (FQC), km 440,000;Buarque de Macedo (FBQ), km 450,117;10.117;Larga ;237;1.4;1.7;Singela;Crescente;CCO;365;TWE;;Não;Sim;14.4;0.0;;3.0;2.0;0.8038;0.7;1;0.5627;46.5649655172;0.0;41.39;0.0;5.1737059215;0.0
MRS;2025;Posto km 452 - Miguel Burnier (Linha do Centro);Buarque de Macedo (FBQ), km 450,117;Barroso (FBS), km 454,000;3.883;Larga ;201;0.0;0.9;Singela;Crescente;CCO;365;TWE;;Não;Sim;6.6;0.0;;3.0;1.0;0.8038;0.7;1;0.5627;84.399;0.0;41.39;0.0;43.0077404043;0.0
MRS;2025;Posto km 452 - Miguel Burnier (Linha do Centro);Barroso (FBS), km 454,000;Posto km 460 (FPK), km 459,523;5.523;Larga ;197;0.1;0.2;Singela;Crescente;CCO;365;TWE;;Não;Sim;7.2;0.0;;3.0;2.0;0.8038;0.7;1;0.5627;79.4343529411;0.0;41.39;0.0;38.0430933454;0.0
MRS;2025;Posto km 452 - Miguel Burnier (Linha do Centro);Posto km 460 (FPK), km 459,523;Conselheiro Lafaiete (FCL), km 462,278;2.755;Larga ;197;0.0;0.7;Singela;Crescente;CCO;365;TWE;;Não;Sim;4.2;0.0;;3.0;1.0;0.8038;0.7;1;0.5627;112.532;0.0;41.39;0.0;71.1407404043;0.0
MRS;2025;Posto km 452 - Miguel Burnier (Linha do Centro);Conselheiro Lafaiete (FCL), km 462,278;Mário Castilho (FMO), km 468,298;6.02;Larga ;202;0.0;1.2;Dupla;Crescente;CCO;365;TWE;;Não;Sim;21.0;0.0;;3.0;3.0;0.8038;0.7;2;1.1253;135.0384;0.0;41.39;0.0;93.6471404043;0.0
MRS;2025;Posto km 452 - Miguel Burnier (Linha do Centro);Mário Castilho (FMO), km 468,298;Dr. Joaquim Murtinho (FDM), km 477,852;9.554;Larga ;291;0.13;0.88;Singela;Crescente;CCO;365;TWE;;Não;Sim;13.8;0.0;;3.0;1.0;0.8038;0.7;1;0.5627;48.2279999999;0.0;41.39;0.0;6.8367404043;0.0
MRS;2025;Posto km 452 - Miguel Burnier (Linha do Centro);Dr. Joaquim Murtinho (FDM), km 477,852;Miguel Burnier (EMP), km 496,980;19.128;Larga ;122;2.08;0.3;Singela;Bidirecional;CCO;365;Segmento não sinalizado;;Não;Não;66.0;39.0;;10.0;1.0;0.8033;0.67;1;0.5382;6.7393377391;6.7393377391;1.38;1.38;5.3636450505;5.3636450505
MRS;2025;Ferrovia do Aço;Saudade (FSE), km 0,000;Eng. Taulois (FEU), km 3,787;3.787;Larga ;685;0.7;0.5;Singela;Decrescente;CCO;365;Segmento não sinalizado;8772.0;Não;Não;0.0;13.05;;3.0;2.0;0.726;0.68;1;0.4937;2.0;44.2927850467;0.0;39.52;0.0;4.7713837357
MRS;2025;Ferrovia do Aço;Eng. Taulois (FEU), km 3,787;Porto Real (FPT), km 17,523;13.736;Larga ;613;1.09;0.0;Singela;Decrescente;CCO;365;CBTC;8772.0;Não;Sim;0.0;15.6;;3.0;4.0;0.726;0.68;2;0.9874;2.0;76.4407741935;0.0;40.19;0.0;36.249518623
MRS;2025;Ferrovia do Aço;Porto Real (FPT), km 17,523;São Joaquim (FJQ), km 24,950;7.427;Larga ;903;1.19;0.0;Singela;Decrescente;CCO;365;CBTC;8772.0;Não;Sim;0.0;9.6;;3.0;2.0;0.726;0.68;1;0.4937;2.0;56.4205714285;0.0;40.19;0.0;16.229315858
MRS;2025;Ferrovia do Aço;São Joaquim (FJQ), km 24,950;Posto Falcão (FOA), km 35,312;10.362;Larga ;903;1.13;0.0;Singela;Decrescente;CCO;365;CBTC;8772.0;Não;Sim;0.0;24.0;;3.0;4.0;0.726;0.68;2;0.9874;2.0;52.6592;0.0;40.19;0.0;12.4679444294
MRS;2025;Ferrovia do Aço;Posto Falcão (FOA), km 35,312;Cachoeira da Fumaça (FFU), km 45,300;9.988;Larga ;903;1.11;0.09;Singela;Decrescente;CCO;365;CBTC;8772.0;Não;Sim;0.0;14.4;;3.0;3.0;0.726;0.68;2;0.9874;2.0;81.7125517241;0.0;40.19;0.0;41.5212961536
MRS;2025;Ferrovia do Aço;Cachoeira da Fumaça (FFU), km 45,300;Rio Preto (FRP), km 56,458;11.158;Larga ;903;1.1;0.09;Singela;Decrescente;CCO;365;CBTC;8772.0;Não;Sim;0.0;14.4;;3.0;3.0;0.726;0.68;2;0.9874;2.0;81.7125517241;0.0;40.19;0.0;41.5212961536
MRS;2025;Ferrovia do Aço;Rio Preto (FRP), km 56,458;Samora Machel (FSH), km 69,620;13.162;Larga ;903;1.13;0.25;Singela;Decrescente;CCO;365;CBTC;8772.0;Não;Sim;0.0;16.8;;3.0;3.0;0.726;0.68;2;0.9874;2.0;71.808;0.0;40.19;0.0;31.6167444294
MRS;2025;Ferrovia do Aço;Samora Machel (FSH), km 69,620;Jacutinga (FJT), km 84,730;15.11;Larga ;903;1.11;0.25;Singela;Decrescente;CCO;365;CBTC;8772.0;Não;Sim;0.0;18.6;;3.0;5.0;0.726;0.68;3;1.481;2.0;98.736;0.0;40.19;0.0;58.5447444294
MRS;2025;Ferrovia do Aço;Jacutinga (FJT), km 84,730;Bom Jardim  (FOJ), km 98,307;13.577;Larga ;903;1.25;0.22;Singela;Decrescente;CCO;365;CBTC;8772.0;Não;Sim;0.0;15.0;;3.0;3.0;0.726;0.65;2;0.9438;2.0;75.504;0.0;40.19;0.0;35.3127444294
MRS;2025;Ferrovia do Aço;Bom Jardim  (FOJ), km 98,307;Pitangueiras (FIR), km 109,456;11.149;Larga ;903;0.23;1.05;Singela;Decrescente;CCO;365;CBTC;8772.0;Não;Sim;0.0;29.4;;3.0;3.0;0.73;0.65;2;0.949;2.0;42.1777777777;0.0;37.51;0.0;4.6659392453
MRS;2025;Ferrovia do Aço;Pitangueiras (FIR), km 109,456;Furnas (FFR), km 122,640;13.184;Larga ;903;0.25;0.76;Singela;Decrescente;CCO;365;CBTC;8772.0;Não;Sim;0.0;20.93;;3.0;3.0;0.73;0.65;2;0.949;2.0;57.1184952978;0.0;40.19;0.0;16.9272397273
MRS;2025;Ferrovia do Aço;Furnas (FFR), km 122,640;Aiuruoca (FAU), km 136,757;14.117;Larga ;903;0.74;0.87;Singela;Decrescente;CCO;365;CBTC;8772.0;Não;Sim;0.0;24.6;;3.0;4.0;0.73;0.65;2;0.949;2.0;49.5130434782;0.0;40.19;0.0;9.3217879077
MRS;2025;Ferrovia do Aço;Aiuruoca (FAU), km 136,757;Córrego Serra (FGO), km 150,325;13.568;Larga ;903;0.79;0.5;Singela;Decrescente;CCO;365;CBTC;8772.0;Não;Sim;0.0;18.0;;3.0;4.0;0.73;0.65;2;0.949;2.0;65.0742857142;0.0;40.19;0.0;24.8830301437
MRS;2025;Ferrovia do Aço;Córrego Serra (FGO), km 150,325;Madre de Deus (FPZ), km 164,169;13.844;Larga ;903;1.0;0.5;Singela;Decrescente;CCO;365;CBTC;8772.0;Não;Sim;0.0;19.8;;3.0;4.0;0.73;0.65;2;0.949;2.0;59.9368421052;0.0;40.19;0.0;19.7455865347
MRS;2025;Ferrovia do Aço;Madre de Deus (FPZ), km 164,169;Rio Santana (FRN), km 177,339;13.17;Larga ;1191;0.76;0.85;Singela;Decrescente;CCO;365;CBTC;8772.0;Não;Sim;0.0;18.0;;3.0;4.0;0.73;0.65;2;0.949;2.0;65.0742857142;0.0;40.19;0.0;24.8830301437
MRS;2025;Ferrovia do Aço;Rio Santana (FRN), km 177,339;Itutinga (FGT), km 195,178;17.839;Larga ;1497;1.05;0.8;Singela;Decrescente;CCO;365;CBTC;8772.0;Não;Sim;0.0;21.6;;3.0;4.0;0.73;0.65;2;0.949;2.0;55.5512195121;0.0;40.19;0.0;15.3599639416
MRS;2025;Ferrovia do Aço;Itutinga (FGT), km 195,178;Capoeira Grande (FDE), km 205,280;10.102;Larga ;998;0.47;1.06;Singela;Decrescente;CCO;365;CBTC;8772.0;Não;Sim;0.0;24.0;;3.0;4.0;0.73;0.65;2;0.949;2.0;50.6133333333;0.0;40.28;0.0;10.3382694549
MRS;2025;Ferrovia do Aço;Capoeira Grande (FDE), km 205,280;Caburu (FBU), km 218,160;12.88;Larga ;896;0.84;1.05;Singela;Decrescente;CCO;365;CBTC;8772.0;Não;Sim;0.0;20.18;;3.0;3.0;0.73;0.65;2;0.949;2.0;58.9669902912;0.0;40.28;0.0;18.6919264128
MRS;2025;Ferrovia do Aço;Caburu (FBU), km 218,160;Cel. Xavier Chaves (FXA), km 233,151;14.991;Larga ;998;1.03;0.99;Singela;Decrescente;CCO;365;CBTC;8772.0;Não;Sim;0.0;17.78;;3.0;3.0;0.73;0.65;2;0.949;2.0;65.7790613718;0.0;40.19;0.0;25.5878058013
MRS;2025;Ferrovia do Aço;Cel. Xavier Chaves (FXA), km 233,151;Resende Costa (FRC), km 247,048;13.897;Larga ;903;1.06;1.04;Singela;Decrescente;CCO;365;CBTC;8772.0;Não;Sim;0.0;14.1;;3.0;3.0;0.71;0.65;2;0.923;2.0;77.7263157894;0.0;40.19;0.0;37.5350602189
MRS;2025;Ferrovia do Aço;Resende Costa (FRC), km 247,048;Rio Vermelho (FRL), km 264,322;17.274;Larga ;903;0.56;1.05;Singela;Decrescente;CCO;365;CBTC;8772.0;Não;Sim;0.0;16.2;;3.0;3.0;0.73;0.65;2;0.949;2.0;71.175;0.0;40.19;0.0;30.9837444294
MRS;2025;Ferrovia do Aço;Rio Vermelho (FRL), km 264,322;Joaquim Reis (FJO), km 273,940;9.618;Larga ;896;1.01;1.0;Singela;Decrescente;CCO;365;CBTC;8772.0;Não;Sim;0.0;10.8;;3.0;2.0;0.73;0.65;1;0.4745;2.0;49.5130434782;0.0;40.19;0.0;9.3217879077
MRS;2025;Ferrovia do Aço;Joaquim Reis (FJO), km 273,940;Cel. João Carlos Guedes (FJC), km 292,989;19.049;Larga ;1031;1.0;1.0;Dupla;Decrescente;CCO;365;CBTC;8772.0;Não;Sim;0.0;25.8;;3.0;2.0;0.7313;0.65;1;0.4753;2.0;47.5345;0.0;40.19;0.0;7.3432444294
MRS;2025;Ferrovia do Aço;Cel. João Carlos Guedes (FJC), km 292,989;Eng. Leonardo Mazziotti (FLM), km 306,806;15.426;Larga ;202;1.0;1.0;Singela;Bidirecional;CCO;365;CBTC;8772.0;Não;Sim;26.6;25.35;;6.0;2.0;0.8533;0.69;1;0.5888;14.630524245;14.630524245;13.04;13.04;1.5926898776;1.5926898776
MRS;2025;Ferrovia do Aço;Eng. Leonardo Mazziotti (FLM), km 306,806;Parque das Cachoeiras - P1-05A (FHC), km 319,806;13.0;Larga ;350;1.08;0.0;Singela;Bidirecional;CCO;365;CBTC;8772.0;Não;Sim;19.8;16.8;;6.0;1.0;0.8553;0.69;1;0.5902;19.948969014;19.948969014;14.76;14.76;5.1891565227;5.1891565227
MRS;2025;Ferrovia do Aço;Parque das Cachoeiras - P1-05A (FHC), km 319,806;Lagoa dos Porcos (FLO), km 326,402;6.596;Larga ;350;1.01;0.7;Singela;Bidirecional;CCO;365;CBTC;8772.0;Não;Sim;25.4;27.0;;6.0;2.0;0.9453;0.64;1;0.605;14.9176109589;14.9176109589;13.3;13.3;1.6177672161;1.6177672161
MRS;2025;Ferrovia do Aço;Lagoa dos Porcos (FLO), km 326,402;São Gonçalo do Bação (FBG), km 337,873;11.471;Larga ;350;1.0;0.0;Singela;Bidirecional;CCO;365;CBTC;8772.0;Não;Sim;29.25;29.25;;6.0;3.0;0.8553;0.44;1;0.3763;8.4018306976;8.4018306976;7.46;7.46;0.9401714602;0.9401714602
MRS;2025;Ferrovia do Aço;São Gonçalo do Bação (FBG), km 337,873;Itabirito (FIU), km 349,729;9.991;Larga ;893;0.0;0.9;Singela;Bidirecional;CCO;365;ATC;;Sim;Sim;11.85;23.4;;6.0;4.0;0.8553;0.44;1;0.3763;13.137408;13.137408;7.46;7.46;5.6757487625;5.6757487625
MRS;2025;Ferrovia do Aço;Itabirito (FIU), km 349,729;Otavio Dapieve (FOO), km 353,666;4.509;Larga ;450;1.0;0.9;Singela;Bidirecional;CCO;365;CBTC;8772.0;Não;Sim;5.1;4.95;;6.0;4.0;0.8553;0.44;1;0.3763;33.7643663551;33.7643663551;7.46;7.46;26.3027071177;26.3027071177
MRS;2025;Ramal das Fábricas;Areais (IAA), km 15,000;Final Ramal das Fábricas (IFA), km 21,000;19.0;Mista;160;1.01;2.01;Singela;Bidirecional;CCO;365;CTC;;Não;Não;25.2;43.8;;14.0;1.0;1.0;0.67;1;0.67;11.6240963855;11.6240963855;0.3;0.3;11.3236739164;11.3236739164
MRS;2025;Ligação Pereque - Cubatão;Cubatão (ICB), km 12,248;Pereque (ZPG), km 14,000;3.292;Mista;160;1.93;1.71;Dupla;Bidirecional;CCO;365;CTC;;Não;Não;13.2;13.8;;7.0;1.0;0.8921;0.7;1;0.6245;44.5166732673;43.2325384615;18.1;18.1;26.4150256715;25.1308908658
MRS;2025;Ramal de Conceiçãozinha;Piaçaguera (IPG), km 0,000;Estação TUF (IUF), km 1,860;1.86;Mista;269;1.44;1.97;Singela;Bidirecional;CCO;365;Segmento não sinalizado;;Sim;Não;8.4;9.6;;14.0;1.0;0.9692;0.67;1;0.6494;29.22138;29.22138;18.47;19.51;10.746479364;9.7159787887
MRS;2025;Ramal de Conceiçãozinha;Estação TUF (IUF), km 1,860;Barnabé (IBA), km 8,400;6.977;Mista;269;1.44;1.97;Singela;Bidirecional;CCO;365;Segmento não sinalizado;;Sim;Não;15.0;21.0;;14.0;1.0;0.9692;0.67;1;0.6494;18.7016832;18.7016832;12.47;13.2;6.226782564;5.4967044578
MRS;2025;Ramal de Conceiçãozinha;Barnabé (IBA), km 8,400;Conceiçãozinha (ICZ), km 16,360;8.163;Mista;450;0.48;1.24;Singela;Bidirecional;CCO;365;Segmento não sinalizado;;Sim;Não;22.2;25.2;;14.0;1.0;0.9692;0.67;1;0.6494;15.2293837133;15.2293837133;10.23;10.23;5.0034808788;5.0034808788
MRS;2025;Variante Rio Grande da Serra - Suzano;Rio Grande da Serra (IRG), km 0,000;Ouro Fino (IOF), km 11,000;11.0;Larga ;798;1.29;0.81;Singela;Bidirecional;CCO;365;ATC;;Sim;Não;22.8;21.6;;20.0;1.0;0.9463;0.7;1;0.6624;14.8116521739;14.8116521739;3.2;3.51;11.6161462927;11.3046576102
MRS;2025;Variante Rio Grande da Serra - Suzano;Ouro Fino (IOF), km 11,000;Suzano Novo (ISU), km 25,000;14.0;Larga ;575;0.74;0.95;Singela;Bidirecional;CCO;365;Segmento não sinalizado;;Sim;Não;16.2;15.6;;20.0;1.0;0.9463;0.7;1;0.6624;18.4144864864;18.4144864864;5.39;5.71;13.0240592718;12.7013047467
MRS;2025;Variante Rio Grande da Serra - Suzano;Suzano Novo (ISU), km 25,000;Suzano (OSU), km 28,800;3.8;Larga ;454;0.11;0.87;Singela;Bidirecional;CCO;365;Segmento não sinalizado;;Sim;Não;13.2;10.8;;20.0;1.0;0.5;0.5;1;0.25;8.1818181818;8.1818181818;4.77;6.93;3.4134888845;1.2470766682
MRS;2025;Santos - Jundiaí;Santos (ISN), km 0,000;Cubatão (ICB), km 12,248;12.248;Mista;180;1.21;0.38;Dupla;Bidirecional;CCO;365;Segmento não sinalizado;;Não;Não;23.85;23.85;;7.0;1.0;0.8921;0.7;1;0.6245;29.1486807131;29.1486807131;20.5;17.08;8.6470331173;12.0639743833
MRS;2025;Santos - Jundiaí;Cubatão (ICB), km 12,248;Areais (IAA), km 15,000;3.226;Mista;160;1.93;1.71;Singela;Bidirecional;CCO;365;CTC;;Não;Não;21.0;24.6;;14.0;1.0;0.9281;0.7;1;0.6497;15.6967248322;15.6967248322;2.69;3.17;13.0038770363;12.5300135037
MRS;2025;Santos - Jundiaí;Areais (IAA), km 15,000;Piaçaguera (IPG), km 18,973;3.973;Mista;160;1.01;2.01;Singela;Bidirecional;CCO;365;CTC;;Não;Não;10.2;11.4;;14.0;1.0;0.9281;0.7;1;0.6497;26.2787865168;26.2787865168;14.69;15.17;11.585938721;11.1120751884
MRS;2025;Santos - Jundiaí;Piaçaguera (IPG), km 18,973;Raiz da Serra (IRS), km 22,000;3.027;Mista;269;1.44;1.97;Singela;Bidirecional;CCO;365;Segmento não sinalizado;;Sim;Não;29.4;20.4;;14.0;1.0;0.9281;0.7;1;0.6497;14.6633981191;14.6633981191;4.97;5.45;9.6949049452;9.2162330027
MRS;2025;Santos - Jundiaí;Raiz da Serra (IRS), km 22,000;Paranapiacaba (IPA), km 30,312;8.312;Larga ;500;10.0;0.0;Singela;Bidirecional;CCO;365;Segmento não sinalizado;;Sim;Não;18.6;23.4;;6.0;1.0;0.9583;0.85;1;0.8146;24.4374999999;24.4374999999;30.25;30.25;-5.8125;-5.8125
MRS;2025;Santos - Jundiaí;Paranapiacaba (IPA), km 30,312;Campo Grande (ICG), km 34,569;4.257;Larga ;361;0.62;2.17;Singela;Bidirecional;CCO;365;ATC;;Sim;Sim;10.2;9.6;;6.0;1.0;1.0;0.76;1;0.76;42.4186046511;42.4186046511;4.9;5.38;37.5152849067;37.0386254562
MRS;2025;Santos - Jundiaí;Campo Grande (ICG), km 34,569;Rio Grande da Serra (IRG), km 41,109;6.54;Larga ;443;0.89;1.44;Singela;Bidirecional;CCO;365;ATC;;Sim;Sim;18.68;21.08;;6.0;1.0;1.0;0.76;1;0.76;23.916083916;23.916083916;7.75;8.09;16.169856356;15.8232746033
MRS;2025;Santos - Jundiaí;Rio Grande da Serra (IRG), km 41,109;Posto km 44 (IKQ), km 44,000;2.891;Larga ;798;1.29;0.81;Singela;Bidirecional;CCO;365;ATC;;Sim;Não;9.0;9.0;;0.0;1.0;0.5;0.5;1;0.25;20.0;20.0;7.23;9.83;12.766679062;10.1735197406
MRS;2025;Santos - Jundiaí;Posto km 44 (IKQ), km 44,000;Ribeirão Pires (IRP), km 45,526;1.526;Larga ;0;0.0;0.0;Singela;Bidirecional;CCO;365;ATC;;Sim;Não;9.0;9.0;;0.0;1.0;0.5;0.5;1;0.25;20.0;20.0;7.23;9.83;12.766679062;10.1735197406
MRS;2025;Santos - Jundiaí;Ribeirão Pires (IRP), km 45,526;Guapituba (OGP), km 49,889;4.363;Larga ;0;0.0;0.0;Singela;Bidirecional;CCO;365;ATC;;Sim;Não;9.0;9.0;;0.0;1.0;0.5;0.5;1;0.25;20.0;20.0;7.23;9.83;12.766679062;10.1735197406
MRS;2025;Santos - Jundiaí;Guapituba (OGP), km 49,889;Mauá (OMA), km 53,109;3.22;Larga ;0;0.0;0.0;Singela;Bidirecional;CCO;365;ATC;;Sim;Não;6.6;6.6;;0.0;1.0;0.5;0.5;1;0.25;27.2727272727;27.2727272727;7.23;9.83;20.0394063347;17.4462470133
MRS;2025;Santos - Jundiaí;Mauá (OMA), km 53,109;Capuava (ICP), km 56,294;3.185;Larga ;0;0.0;0.0;Singela;Bidirecional;CCO;365;ATC;;Sim;Não;6.6;6.6;;0.0;1.0;0.5;0.5;1;0.25;27.2727272727;27.2727272727;7.23;9.83;20.0394063347;17.4462470133
MRS;2025;Santos - Jundiaí;Capuava (ICP), km 56,294;Santo André (ISA), km 60,384;4.09;Larga ;0;0.0;0.0;Singela;Bidirecional;CCO;365;ATC;;Sim;Não;9.0;9.0;;0.0;1.0;0.5;0.5;1;0.25;20.0;20.0;7.64;9.68;12.356002951;10.3196809185
MRS;2025;Santos - Jundiaí;Santo André (ISA), km 60,384;Prefeito Saladino (OPS), km 62,221;1.837;Larga ;0;0.0;0.0;Singela;Bidirecional;CCO;365;TWE;;Sim;Não;5.4;4.8;;0.0;1.0;0.5;0.5;1;0.25;35.294117647;35.294117647;7.85;9.11;27.4430125008;26.181707032
MRS;2025;Santos - Jundiaí;Prefeito Saladino (OPS), km 62,221;Utinga (IUT), km 63,832;1.611;Larga ;0;0.0;0.0;Singela;Bidirecional;CCO;365;TWE;;Sim;Não;5.4;4.8;;0.0;1.0;0.5;0.5;1;0.25;35.294117647;35.294117647;7.65;8.88;27.6392901294;26.4095172974
MRS;2025;Santos - Jundiaí;Utinga (IUT), km 63,832;São Caetano do Sul (ISC), km 67,436;3.604;Larga ;0;0.0;0.0;Singela;Bidirecional;CCO;365;TWE;;Sim;Não;8.4;7.8;;0.0;1.0;0.5;0.5;1;0.25;22.2222222222;22.2222222222;7.65;8.88;14.5673947046;13.3376218726
MRS;2025;Santos - Jundiaí;São Caetano do Sul (ISC), km 67,436;Tamanduateí (OTA), km 70,000;2.563;Larga ;0;0.0;0.0;Singela;Bidirecional;CCO;365;TWE;;Sim;Não;9.0;7.8;;0.0;1.0;0.5;0.5;1;0.25;21.4285714285;21.4285714285;4.52;5.01;16.9108389472;16.4187733242
MRS;2025;Santos - Jundiaí;Tamanduateí (OTA), km 70,000;Ipiranga (IIP), km 71,627;1.627;Larga ;0;0.0;0.0;Singela;Bidirecional;CCO;365;TWE;;Sim;Não;3.6;3.0;;0.0;1.0;0.5;0.5;1;0.25;54.5454545454;54.5454545454;4.52;6.72;50.0277220641;47.8218359967
MRS;2025;Santos - Jundiaí;Ipiranga (IIP), km 71,627;Mooca (IMO), km 74,628;3.001;Larga ;0;0.0;0.0;Singela;Bidirecional;CCO;365;TWE;;Sim;Não;9.6;8.4;;0.0;1.0;0.5;0.5;1;0.25;20.0;20.0;6.12;6.72;13.8846377312;13.2763814512
MRS;2025;Santos - Jundiaí;Mooca (IMO), km 74,628;Bras (OBR), km 76,332;1.703;Larga ;0;0.0;0.0;Singela;Bidirecional;CCO;365;ATC;;Sim;Não;7.8;6.0;;0.0;1.0;0.5;0.5;1;0.25;26.0869565217;26.0869565217;6.01;6.13;20.0735169574;19.9592628114
MRS;2025;Santos - Jundiaí;Bras (OBR), km 76,332;Roosevelt (ORO), km 77,000;0.668;Larga ;0;0.0;0.0;Singela;Bidirecional;CCO;365;ATC;;Sim;Não;4.2;3.0;;0.0;1.0;0.5;0.5;1;0.25;50.0;50.0;7.67;7.67;42.3345191072;42.3345191072
MRS;2025;Santos - Jundiaí;Roosevelt (ORO), km 77,000;Pari (IPR), km 77,536;0.536;Larga ;0;0.0;0.0;Singela;Bidirecional;CCO;365;ATC;;Sim;Não;4.2;3.0;;0.0;1.0;0.5;0.5;1;0.25;50.0;50.0;7.67;7.67;42.3345191072;42.3345191072
MRS;2025;Santos - Jundiaí;Pari (IPR), km 77,536;Luz (OLU), km 78,507;0.971;Larga ;0;0.0;0.0;Singela;Bidirecional;CCO;365;ATC;;Sim;Não;4.2;3.0;;0.0;1.0;0.5;0.5;1;0.25;50.0;50.0;7.67;7.67;42.3345191072;42.3345191072
MRS;2025;Santos - Jundiaí;Luz (OLU), km 78,507;Barra Funda (OBF), km 82,190;3.682;Larga ;0;0.0;0.0;Singela;Bidirecional;CCO;365;ATC;;Sim;Não;8.4;8.4;;0.0;1.0;0.5;0.5;1;0.25;21.4285714285;21.4285714285;7.67;7.67;13.7630905358;13.7630905358
MRS;2025;Santos - Jundiaí;Barra Funda (OBF), km 82,190;Água Branca (IAB), km 84,398;2.208;Larga ;0;0.0;0.0;Singela;Bidirecional;CCO;365;ATC;;Sim;Não;8.4;7.8;;0.0;1.0;0.5;0.5;1;0.25;22.2222222222;22.2222222222;7.67;7.67;14.5567413294;14.5567413294
MRS;2025;Santos - Jundiaí;Água Branca (IAB), km 84,398;Lapa (ILA), km 86,062;1.664;Larga ;0;0.0;0.0;Singela;Bidirecional;CCO;365;ATC;;Sim;Não;6.6;6.0;;0.0;1.0;0.5;0.5;1;0.25;28.5714285714;28.5714285714;7.67;7.67;20.9059476786;20.9059476786
MRS;2025;Santos - Jundiaí;Lapa (ILA), km 86,062;Piqueri (OPQ), km 88,223;2.161;Larga ;0;0.0;0.0;Singela;Bidirecional;CCO;365;ATC;;Sim;Não;4.2;4.8;;0.0;1.0;0.5;0.5;1;0.25;40.0;40.0;7.67;7.67;32.3345191072;32.3345191072
MRS;2025;Santos - Jundiaí;Piqueri (OPQ), km 88,223;Pirituba (IPB), km 90,273;2.05;Larga ;0;0.0;0.0;Singela;Bidirecional;CCO;365;ATC;;Sim;Não;1.0;1.0;;0.0;1.0;0.5;0.5;1;0.25;180.0;180.0;7.67;7.67;172.3345191072;172.3345191072
MRS;2025;Santos - Jundiaí;Pirituba (IPB), km 90,273;Vila Clarice (OVC), km 93,053;2.78;Larga ;0;0.0;0.0;Singela;Bidirecional;CCO;365;ATC;;Sim;Não;1.0;1.0;;0.0;1.0;0.5;0.5;1;0.25;180.0;180.0;7.67;7.67;172.3345191072;172.3345191072
MRS;2025;Santos - Jundiaí;Vila Clarice (OVC), km 93,053;Jaraguá (OJA), km 95,059;2.006;Larga ;0;0.0;0.0;Singela;Bidirecional;CCO;365;ATC;;Sim;Não;4.2;4.2;;0.0;1.0;0.5;0.5;1;0.25;42.8571428571;42.8571428571;7.67;7.67;35.1916619644;35.1916619644
MRS;2025;Santos - Jundiaí;Jaraguá (OJA), km 95,059;Perus (IPE), km 101,485;6.426;Larga ;0;0.0;0.0;Singela;Bidirecional;CCO;365;ATC;;Sim;Não;13.2;13.2;;0.0;1.0;0.5;0.5;1;0.25;13.6363636363;13.6363636363;7.67;7.67;5.9708827436;5.9708827436
MRS;2025;Santos - Jundiaí;Perus (IPE), km 101,485;Caieiras (OCI), km 106,176;4.691;Larga ;0;0.0;0.0;Singela;Bidirecional;CCO;365;ATC;;Sim;Não;10.8;10.8;;0.0;1.0;0.5;0.5;1;0.25;16.6666666666;16.6666666666;7.67;7.67;9.0011857739;9.0011857739
MRS;2025;Santos - Jundiaí;Caieiras (OCI), km 106,176;Franco da Rocha (OFR), km 111,293;5.117;Larga ;0;0.0;0.0;Singela;Bidirecional;CCO;365;ATC;;Sim;Não;10.8;10.8;;0.0;1.0;0.5;0.5;1;0.25;16.6666666666;16.6666666666;7.67;7.67;9.0011857739;9.0011857739
MRS;2025;Santos - Jundiaí;Franco da Rocha (OFR), km 111,293;Baltazar Fidelis (OBA), km 113,670;2.377;Larga ;0;0.0;0.0;Singela;Bidirecional;CCO;365;ATC;;Sim;Não;4.2;4.2;;0.0;1.0;0.5;0.5;1;0.25;42.8571428571;42.8571428571;7.67;7.67;35.1916619644;35.1916619644
MRS;2025;Santos - Jundiaí;Baltazar Fidelis (OBA), km 113,670;Francisco Morato (OFM), km 117,460;3.789;Larga ;0;0.0;0.0;Singela;Bidirecional;CCO;365;ATC;;Sim;Não;8.4;8.4;;0.0;1.0;0.5;0.5;1;0.25;21.4285714285;21.4285714285;7.67;7.67;13.7630905358;13.7630905358
MRS;2025;Santos - Jundiaí;Francisco Morato (OFM), km 117,460;Campo Limpo Paulista (OCL), km 127,935;10.475;Larga ;0;0.0;0.0;Singela;Bidirecional;CCO;365;ATC;;Sim;Não;1.0;1.0;;0.0;1.0;0.5;0.5;1;0.25;180.0;180.0;7.67;7.67;172.3345191072;172.3345191072
MRS;2025;Santos - Jundiaí;Campo Limpo Paulista (OCL), km 127,935;Várzea Paulista (OVP), km 133,910;5.974;Larga ;0;0.0;0.0;Singela;Bidirecional;CCO;365;ATC;;Sim;Não;13.2;12.6;;0.0;1.0;0.5;0.5;1;0.25;13.953488372;13.953488372;7.67;7.67;6.2880074793;6.2880074793
MRS;2025;Santos - Jundiaí;Várzea Paulista (OVP), km 133,910;Jundiaí (ZJY), km 139,040;5.13;Larga ;0;0.0;0.0;Singela;Bidirecional;CCO;365;ATC;;Sim;Não;1.0;1.0;;0.0;1.0;0.5;0.5;1;0.25;180.0;180.0;7.58;7.58;172.4214823578;172.4214823578
MRS;2025;CPTM (Jacarei - Bras);Suzano (OSU), km 462,548;Calmon Viana (OCV), km 465,240;2.692;Larga ;0;0.0;0.0;Singela;Bidirecional;CCO;365;ATC;;Sim;Não;10.2;8.4;;0.0;1.0;0.5;0.5;1;0.25;19.3548387096;19.3548387096;0.0;0.0;19.3548387096;19.3548387096
MRS;2025;CPTM (Jacarei - Bras);Calmon Viana (OCV), km 465,240;Itaquaquecetuba (OIC), km 470,955;5.715;Larga ;0;0.0;0.0;Singela;Bidirecional;CCO;365;ATC;;Sim;Não;1.0;1.0;;0.0;1.0;0.5;0.5;1;0.25;180.0;180.0;0.0;0.0;180.0;180.0
MRS;2025;CPTM (Jacarei - Bras);Itaquaquecetuba (OIC), km 470,955;Manoel Feio (IEF), km 473,371;2.416;Larga ;287;1.01;0.98;Singela;Bidirecional;CCO;365;ATC;;Sim;Não;10.8;6.0;;0.0;1.0;0.5;0.5;1;0.25;21.4285714285;21.4285714285;0.0;0.0;21.4285714285;21.4285714285
MRS;2025;CPTM (Jacarei - Bras);Manoel Feio (IEF), km 473,371;C.Ermelino Matarazzo (OCE), km 486,174;12.803;Larga ;0;0.0;0.0;Singela;Bidirecional;CCO;365;ATC;;Sim;Não;1.0;1.0;;0.0;1.0;0.5;0.5;1;0.25;180.0;180.0;4.26;4.16;175.7432008004;175.8400263479
MRS;2025;CPTM (Jacarei - Bras);C.Ermelino Matarazzo (OCE), km 486,174;E.S.Gualberto (OSG), km 493,019;11.455;Larga ;0;0.0;0.0;Singela;Bidirecional;CCO;365;ATC;;Sim;Não;1.0;1.0;;0.0;1.0;0.5;0.5;1;0.25;180.0;180.0;4.26;4.16;175.7432008004;175.8400263479
MRS;2025;CPTM (Jacarei - Bras);E.S.Gualberto (OSG), km 493,019;Eng. São Paulo (IES), km 496,555;4.447;Larga ;0;0.0;0.0;Singela;Bidirecional;CCO;365;ATC;;Sim;Não;1.0;1.0;;0.0;1.0;0.5;0.5;1;0.25;180.0;180.0;4.26;4.16;175.7432008004;175.8400263479
MRS;2025;CPTM (Jacarei - Bras);Eng. São Paulo (IES), km 496,555;Bras (OBR), km 499,153;1.892;Larga ;0;0.0;0.0;Singela;Bidirecional;CCO;365;ATC;;Sim;Não;3.0;3.0;;0.0;1.0;0.5;0.5;1;0.25;60.0;60.0;4.05;3.95;55.9486926201;56.0455181676
MRS;2025;Ramal de Mogi das Cruzes;Jacareí (FJI), km 407,443;Eng. Cesar de Souza (FCE), km 444,946;37.503;Larga ;203;2.09;2.41;Singela;Bidirecional;CCO;365;ATC;;Sim;Sim;28.8;28.2;;20.0;1.0;1.0;0.64;1;0.64;11.9688311688;11.9688311688;3.68;3.68;8.2888311688;8.2888311688
MRS;2025;Ramal de Mogi das Cruzes;Eng. Cesar de Souza (FCE), km 444,946;Mogi das Cruzes (OMC), km 450,320;5.374;Larga ;565;1.56;0.65;Singela;Bidirecional;CCO;365;ATC;;Sim;Sim;1.0;1.0;;0.0;1.0;0.5;0.5;1;0.25;180.0;180.0;5.95;4.43;174.053988488;175.5692307692
MRS;2025;Ramal de Mogi das Cruzes;Mogi das Cruzes (OMC), km 450,320;Suzano (OSU), km 462,548;12.228;Larga ;0;0.0;0.0;Singela;Bidirecional;CCO;365;ATC;;Sim;Não;20.0;20.0;;0.0;1.0;0.5;0.5;1;0.25;9.0;9.0;5.14;4.43;3.856175578;4.5692307692
MRS;2025;Posto km 64 - 452 (Linha do Centro);Posto km 64 (FQS), km 64,285;Posto Elisson (FHE), km 66,953;1.905;Larga ;325;1.83;0.0;Dupla;Bidirecional;CCO;365;ATC;;Não;Sim;4.8;5.4;;3.0;1.0;0.9751;0.752;1;0.7333;135.3738830769;125.70432;41.4;39.78;93.9722299636;85.9226668867
MRS;2025;Posto km 64 - 452 (Linha do Centro);Posto Elisson (FHE), km 66,953;Mário Belo (FMB), km 71,030;4.84;Larga ;219;2.1;0.0;Dupla;Bidirecional;CCO;365;CBTC;;Não;Sim;9.0;8.4;;3.0;1.0;0.9751;0.752;1;0.7333;87.993024;92.6242357894;41.4;39.78;46.5913708867;52.8425826762
MRS;2025;Posto km 64 - 452 (Linha do Centro);Mário Belo (FMB), km 71,030;Eng. Gurgel (F39), km 76,030;5.0;Larga ;212;2.2;0.0;Dupla;Bidirecional;CCO;365;CBTC;;Não;Sim;12.0;12.6;;3.0;2.0;0.9751;0.752;1;0.7333;70.3944192;67.6869415384;41.4;39.78;28.9927660867;27.9052884251
MRS;2025;Posto km 64 - 452 (Linha do Centro);Eng. Gurgel (F39), km 76,030;Palmeira da Serra (FPD), km 82,030;6.0;Larga ;272;0.0;0.0;Dupla;Bidirecional;CCO;365;CBTC;;Não;Sim;10.8;11.4;;3.0;2.0;0.9751;0.752;1;0.7333;76.5156730434;73.32752;41.4;39.78;35.1140199302;33.5458668867
MRS;2025;Posto km 64 - 452 (Linha do Centro);Palmeira da Serra (FPD), km 82,030;Eng. Paulo de Frontin (FER), km 85,501;3.471;Larga ;261;1.9;0.0;Dupla;Bidirecional;CCO;365;CBTC;;Não;Sim;7.2;7.8;;3.0;1.0;0.9751;0.752;1;0.7333;103.5212047058;97.7700266666;41.4;39.78;62.1195515926;57.9883735534
MRS;2025;Posto km 64 - 452 (Linha do Centro);Eng. Paulo de Frontin (FER), km 85,501;Humberto Antunes (FHA), km 89,763;4.262;Larga ;201;2.0;0.0;Dupla;Bidirecional;CCO;365;CBTC;;Não;Sim;9.6;8.4;;3.0;1.0;0.9751;0.752;1;0.7333;83.80288;92.6242357894;41.4;39.78;42.4012268867;52.8425826762
MRS;2025;Posto km 64 - 452 (Linha do Centro);Humberto Antunes (FHA), km 89,763;Mendes (FME), km 92,635;2.872;Larga ;244;1.6;1.5;Dupla;Bidirecional;CCO;365;CBTC;12202.0;Não;Sim;5.4;7.2;;3.0;1.0;0.9751;0.752;1;0.7333;125.70432;103.5212047058;71.61;39.78;54.0973443961;63.7395515926
MRS;2025;Posto km 64 - 452 (Linha do Centro);Mendes (FME), km 92,635;Martins Costa (FMA), km 97,635;5.0;Larga ;242;0.0;1.4;Dupla;Bidirecional;CCO;365;CBTC;12202.0;Não;Sim;10.07;17.18;;3.0;1.0;0.9751;0.752;1;0.7333;80.789310482;52.3248903865;71.61;39.78;9.1823348781;12.5432372732
MRS;2025;Posto km 64 - 452 (Linha do Centro);Martins Costa (FMA), km 97,635;Morsing (FMG), km 99,635;2.0;Larga ;277;0.3;1.4;Dupla;Bidirecional;CCO;365;CBTC;12202.0;Não;Sim;4.2;10.2;;3.0;1.0;0.9751;0.752;1;0.7333;146.65504;79.9936581818;75.93;42.18;70.7280643961;37.8120050685
MRS;2025;Posto km 64 - 452 (Linha do Centro);Morsing (FMG), km 99,635;Santana da Barra (FSB), km 102,315;2.679;Larga ;343;0.2;1.9;Dupla;Bidirecional;CCO;365;CBTC;12202.0;Não;Sim;8.4;12.6;;3.0;2.0;0.9751;0.762;1;0.743;93.8559410526;68.5870338461;75.93;42.18;17.9289654487;26.4053807328
MRS;2025;Posto km 64 - 452 (Linha do Centro);Santana da Barra (FSB), km 102,315;Barra do Pirai (FBP), km 108,500;6.185;Larga ;228;0.8;1.3;Dupla;Bidirecional;CCO;365;CBTC;12202.0;Não;Sim;7.8;7.0;;3.0;2.0;0.9751;0.752;1;0.7333;97.7700266666;105.5916288;75.93;42.18;21.8430510627;63.4099756867
MRS;2025;Posto km 64 - 452 (Linha do Centro);Barra do Pirai (FBP), km 108,500;Aristides  Lobo (FAT), km 115,592;7.092;Larga ;219;0.5;0.5;Singela;Crescente;CCO;365;CBTC;;Não;Sim;10.8;0.0;;3.0;1.0;0.8038;0.7;1;0.5627;58.712347826;2.0;42.21;0.0;16.505044437;0.0
MRS;2025;Posto km 64 - 452 (Linha do Centro);Aristides  Lobo (FAT), km 115,592;Demetrio Ribeiro (FDR), km 121,469;5.877;Larga ;219;0.5;0.5;Singela;Crescente;CCO;365;TWE;;Não;Sim;9.0;0.0;;3.0;2.0;0.8038;0.7;1;0.5627;67.5192;2.0;41.39;0.0;26.127896611;0.0
MRS;2025;Posto km 64 - 452 (Linha do Centro);Demetrio Ribeiro (FDR), km 121,469;Barão de Juparana (FBJ), km 132,153;10.684;Larga ;176;0.0;0.0;Singela;Crescente;CCO;365;TWE;;Não;Sim;19.2;0.0;;3.0;1.0;0.8038;0.7;1;0.5627;36.4968648648;2.0;32.49;0.0;4.0041120407;0.0
MRS;2025;Posto km 64 - 452 (Linha do Centro);Barão de Juparana (FBJ), km 132,153;Sebastião Lacerda (FBL), km 146,815;14.661;Larga ;116;0.75;0.88;Singela;Crescente;CCO;365;TWE;;Não;Sim;16.8;0.0;;3.0;2.0;0.8038;0.7;1;0.5627;40.9207272727;2.0;36.39;0.0;4.5288441096;0.0
MRS;2025;Posto km 64 - 452 (Linha do Centro);Sebastião Lacerda (FBL), km 146,815;Aliança (FAI), km 153,910;7.095;Larga ;168;0.37;0.56;Singela;Crescente;CCO;365;TWE;;Não;Sim;10.8;0.0;;3.0;2.0;0.8038;0.7;1;0.5627;58.712347826;2.0;42.21;0.0;16.505044437;0.0
MRS;2025;Posto km 64 - 452 (Linha do Centro);Aliança (FAI), km 153,910;Casal Novo (FNC), km 162,225;8.315;Larga ;175;0.0;0.0;Singela;Crescente;CCO;365;TWE;;Não;Sim;9.6;0.0;;3.0;1.0;0.8038;0.7;1;0.5627;64.304;2.0;42.21;0.0;22.096696611;0.0
MRS;2025;Posto km 64 - 452 (Linha do Centro);Casal Novo (FNC), km 162,225;Andrade Pinto (FAP), km 170,232;8.006;Larga ;181;0.0;0.0;Singela;Crescente;CCO;365;TWE;;Não;Sim;10.2;0.0;;3.0;1.0;0.8038;0.7;1;0.5627;61.381090909;2.0;42.21;0.0;19.17378752;0.0
MRS;2025;Posto km 64 - 452 (Linha do Centro);Andrade Pinto (FAP), km 170,232;eng. Vieira Cortez (FVC), km 177,770;7.538;Larga ;210;0.5;0.9;Singela;Crescente;CCO;365;TWE;;Não;Sim;9.0;0.0;;3.0;2.0;0.8038;0.7;1;0.5627;67.5192;2.0;42.21;0.0;25.311896611;0.0
MRS;2025;Posto km 64 - 452 (Linha do Centro);eng. Vieira Cortez (FVC), km 177,770;Barão de Angra (FBN), km 192,461;14.69;Larga ;179;0.0;0.0;Singela;Crescente;CCO;365;TWE;;Não;Sim;19.05;0.0;;3.0;3.0;0.8038;0.7;2;1.1253;73.4902857142;2.0;42.21;0.0;31.2829823252;0.0
MRS;2025;Posto km 64 - 452 (Linha do Centro);Barão de Angra (FBN), km 192,461;Posto km 194 (FCQ), km 194,000;1.539;Mista;143;2.1;0.6;Singela;Crescente;CCO;365;TWE;;Não;Sim;3.0;0.0;;3.0;1.0;0.8038;0.7;1;0.5627;135.0384;2.0;42.21;0.0;92.831096611;0.0
MRS;2025;Posto km 64 - 452 (Linha do Centro);Posto km 194 (FCQ), km 194,000;Três Rios (FTR), km 197,613;3.613;Larga ;180;0.0;0.0;Singela;Crescente;CCO;365;TWE;;Não;Sim;14.1;0.0;;3.0;1.0;0.8038;0.7;1;0.5627;47.3818947368;2.0;41.81;0.0;5.5718947368;0.0
MRS;2025;Posto km 64 - 452 (Linha do Centro);Três Rios (FTR), km 197,613;Fernandes Pinheiro (FFP), km 204,433;6.819;Larga ;180;0.0;0.0;Singela;Crescente;CCO;365;TWE;;Não;Sim;14.1;0.0;;3.0;1.0;0.8038;0.7;1;0.5627;47.3818947368;2.0;41.81;0.0;5.5706351411;0.0
MRS;2025;Posto km 64 - 452 (Linha do Centro);Fernandes Pinheiro (FFP), km 204,433;Souza Aguiar (FSA), km 217,010;12.576;Larga ;196;0.3;0.2;Singela;Crescente;CCO;365;TWE;;Não;Sim;16.13;0.0;;3.0;2.0;0.8038;0.7;1;0.5627;42.3539153162;2.0;37.63;0.0;4.7237816801;0.0
MRS;2025;Posto km 64 - 452 (Linha do Centro);Souza Aguiar (FSA), km 217,010;Afonso Arinos (FAA), km 229,189;12.178;Larga ;181;1.6;0.8;Singela;Crescente;CCO;365;TWE;;Não;Sim;13.8;0.0;;3.0;2.0;0.8038;0.7;1;0.5627;48.2279999999;2.0;41.81;0.0;6.4167404043;0.0
MRS;2025;Posto km 64 - 452 (Linha do Centro);Afonso Arinos (FAA), km 229,189;Cotegipe (FOT), km 245,086;15.897;Larga ;172;0.0;0.0;Singela;Crescente;CCO;365;TWE;;Não;Sim;27.6;0.0;;3.0;3.0;0.8038;0.7;2;1.1253;52.9562352941;2.0;41.81;0.0;11.1449756984;0.0
MRS;2025;Posto km 64 - 452 (Linha do Centro);Cotegipe (FOT), km 245,086;Posto km 250 (FDC), km 250,000;4.913;Larga ;177;0.6;0.6;Singela;Crescente;CCO;365;TWE;;Não;Sim;16.5;0.0;;3.0;2.0;0.8038;0.7;1;0.5627;41.550276923;2.0;36.93;0.0;4.6169976135;0.0
MRS;2025;Posto km 64 - 452 (Linha do Centro);Posto km 250 (FDC), km 250,000;Posto km 261 (FDS), km 261,000;10.999;Larga ;145;1.3;0.4;Singela;Crescente;CCO;365;TWE;;Não;Sim;11.55;0.0;;3.0;2.0;0.8038;0.7;1;0.5627;55.6859381443;2.0;41.81;0.0;13.8746785486;0.0
MRS;2025;Posto km 64 - 452 (Linha do Centro);Posto km 261 (FDS), km 261,000;Posto km 271 (FDU), km 271,000;10.0;Larga ;172;1.8;0.3;Singela;Crescente;CCO;365;TWE;;Não;Sim;12.15;0.0;;3.0;2.0;0.8038;0.7;1;0.5627;53.4805544554;2.0;41.81;0.0;11.6692948597;0.0
MRS;2025;Posto km 64 - 452 (Linha do Centro);Posto km 271 (FDU), km 271,000;Francisco Bernardino (FFB), km 281,577;10.576;Larga ;148;0.6;0.8;Singela;Crescente;CCO;365;TWE;;Não;Sim;12.15;0.0;;3.0;2.0;0.7338;0.65;1;0.477;45.3357623762;2.0;40.42;0.0;4.9182114337;0.0
MRS;2025;Posto km 64 - 452 (Linha do Centro);Francisco Bernardino (FFB), km 281,577;Benfica (FBF), km 288,582;7.005;Larga ;295;0.7;0.58;Singela;Crescente;CCO;365;TWE;;Não;Sim;15.0;0.0;;3.0;3.0;0.7338;0.65;2;0.9539;76.3152;2.0;41.81;0.0;34.5039404043;0.0
MRS;2025;Posto km 64 - 452 (Linha do Centro);Benfica (FBF), km 288,582;Dias Tavares (FDT), km 293,771;5.189;Larga ;120;0.0;0.0;Singela;Crescente;CCO;365;TWE;;Não;Sim;9.6;0.0;;3.0;1.0;0.7338;0.65;1;0.477;54.5108571428;2.0;41.94;0.0;12.5701424731;0.0
MRS;2025;Posto km 64 - 452 (Linha do Centro);Dias Tavares (FDT), km 293,771;Posto km 298 (FDN), km 298,000;4.228;Larga ;238;0.8;0.4;Singela;Crescente;CCO;365;TWE;;Não;Sim;4.8;0.0;;3.0;1.0;0.7338;0.65;1;0.477;88.056;2.0;41.94;0.0;46.1152853302;0.0
MRS;2025;Posto km 64 - 452 (Linha do Centro);Posto km 298 (FDN), km 298,000;Ewbanck da Câmara (FEB), km 310,015;12.014;Larga ;187;0.0;0.0;Singela;Crescente;CCO;365;TWE;;Não;Sim;13.8;0.0;;3.0;1.0;0.8038;0.7;1;0.5627;48.2279999999;2.0;41.81;0.0;6.4167404043;0.0
MRS;2025;Posto km 64 - 452 (Linha do Centro);Ewbanck da Câmara (FEB), km 310,015;Santos Dumont (FSD), km 322,000;11.985;Larga ;0;2.3;1.2;Singela;Crescente;CCO;365;TWE;;Não;Sim;21.0;0.0;;3.0;3.0;0.8038;0.7;2;1.1253;67.5192;2.0;42.2;0.0;25.3239404043;0.0
MRS;2025;Posto km 64 - 452 (Linha do Centro);Santos Dumont (FSD), km 322,000;Recenvindo (FRV), km 330,331;8.331;Larga ;0;1.5;0.4;Singela;Crescente;CCO;365;TWE;;Não;Sim;7.8;0.0;;3.0;2.0;0.8038;0.7;1;0.5627;75.0213333333;2.0;41.81;0.0;33.2100737376;0.0
MRS;2025;Posto km 64 - 452 (Linha do Centro);Recenvindo (FRV), km 330,331;Mantiqueira (FMQ), km 335,358;5.026;Larga ;0;0.5;1.0;Singela;Crescente;CCO;365;TWE;;Não;Sim;7.8;0.0;;3.0;2.0;0.8038;0.7;1;0.5627;75.0213333333;2.0;41.81;0.0;33.2100737376;0.0
MRS;2025;Posto km 64 - 452 (Linha do Centro);Mantiqueira (FMQ), km 335,358;Rocha Dias (FRD), km 344,417;9.058;Larga ;178;2.03;0.0;Singela;Crescente;CCO;365;TWE;;Não;Sim;14.3;0.0;;3.0;1.0;0.8038;0.7;1;0.5627;46.8341271676;2.0;41.81;0.0;5.0228675719;0.0
MRS;2025;Posto km 64 - 452 (Linha do Centro);Rocha Dias (FRD), km 344,417;Posto km 63 (FQT), km 348,000;3.583;Larga ;164;2.13;0.0;Singela;Crescente;CCO;365;TWE;;Não;Sim;15.6;0.0;;3.0;2.0;0.8038;0.7;1;0.5627;43.5607741935;2.0;38.75;0.0;4.8107741935;0.0
MRS;2025;Posto km 64 - 452 (Linha do Centro);Posto km 63 (FQT), km 348,000;João Aires (FJA), km 351,654;3.654;Larga ;164;2.13;0.0;Singela;Crescente;CCO;365;TWE;;Não;Sim;15.6;0.0;;3.0;2.0;0.8038;0.7;1;0.5627;43.5607741935;2.0;38.75;0.0;4.8063689244;0.0
MRS;2025;Posto km 64 - 452 (Linha do Centro);João Aires (FJA), km 351,654;Cel. Araújo (FLJ), km 357,000;5.346;Larga ;0;0.0;1.2;Singela;Crescente;CCO;365;TWE;;Não;Sim;5.4;0.0;;3.0;2.0;0.8038;0.7;1;0.5627;96.456;2.0;41.81;0.0;54.6447404043;0.0
MRS;2025;Posto km 64 - 452 (Linha do Centro);Cel. Araújo (FLJ), km 357,000;Antonio Carlos (FAS), km 363,252;6.252;Larga ;0;0.3;1.3;Singela;Crescente;CCO;365;TWE;;Não;Sim;9.6;0.0;;3.0;2.0;0.8038;0.7;1;0.5627;64.304;2.0;41.81;0.0;22.4927404043;0.0
MRS;2025;Posto km 64 - 452 (Linha do Centro);Antonio Carlos (FAS), km 363,252;Dr. Sá Fortes (FSF), km 368,382;5.13;Larga ;0;1.3;0.9;Singela;Crescente;CCO;365;TWE;;Não;Sim;5.4;0.0;;3.0;1.0;0.8038;0.7;1;0.5627;96.456;2.0;41.81;0.0;54.6447404043;0.0
MRS;2025;Posto km 64 - 452 (Linha do Centro);Dr. Sá Fortes (FSF), km 368,382;Barbacena (FBC), km 378,192;9.81;Larga ;191;2.0;0.01;Singela;Crescente;CCO;365;TWE;;Não;Sim;7.8;0.0;;5.0;1.0;0.7538;0.65;1;0.49;55.121625;2.0;41.81;0.0;13.3103654043;0.0
MRS;2025;Posto km 64 - 452 (Linha do Centro);Barbacena (FBC), km 378,192;Gen. Dorival  de Brito (FDB), km 384,839;6.645;Larga ;182;0.0;0.0;Singela;Crescente;CCO;365;TWE;;Não;Sim;13.2;0.0;;3.0;2.0;0.7538;0.7;1;0.5277;46.9031111111;2.0;41.81;0.0;5.0918515154;0.0
MRS;2025;Posto km 64 - 452 (Linha do Centro);Gen. Dorival  de Brito (FDB), km 384,839;Cachoeira (FCH), km 392,000;7.161;Larga ;0;0.7;1.3;Singela;Crescente;CCO;365;TWE;;Não;Sim;11.4;0.0;;3.0;2.0;0.8038;0.7;1;0.5627;56.266;2.0;41.81;0.0;14.4547404043;0.0
MRS;2025;Posto km 64 - 452 (Linha do Centro);Cachoeira (FCH), km 392,000;Eng. Drumont (FEV), km 398,486;6.485;Larga ;0;1.2;0.4;Singela;Crescente;CCO;365;TWE;;Não;Sim;12.0;0.0;;3.0;2.0;0.8038;0.7;1;0.5627;54.01536;2.0;41.81;0.0;12.2041004043;0.0
MRS;2025;Posto km 64 - 452 (Linha do Centro);Eng. Drumont (FEV), km 398,486;Eng. Simão Tamm (FET), km 409,478;10.992;Larga ;0;1.4;1.5;Singela;Crescente;CCO;365;TWE;;Não;Sim;13.2;0.0;;3.0;1.0;0.8038;0.7;1;0.5627;50.0142222222;2.0;41.81;0.0;8.2029626265;0.0
MRS;2025;Posto km 64 - 452 (Linha do Centro);Eng. Simão Tamm (FET), km 409,478;Condutor Castro (FCN), km 415,008;5.529;Larga ;295;0.0;1.43;Singela;Crescente;CCO;365;TWE;;Não;Sim;6.0;0.0;;3.0;1.0;0.8038;0.7;1;0.5627;90.0256;2.0;41.81;0.0;48.2143404043;0.0
MRS;2025;Posto km 64 - 452 (Linha do Centro);Condutor Castro (FCN), km 415,008;Ilídio (FIL), km 424,899;9.891;Larga ;287;1.27;0.5;Singela;Crescente;CCO;365;TWE;;Não;Sim;12.0;0.0;;3.0;1.0;0.8038;0.7;1;0.5627;54.01536;2.0;41.81;0.0;12.2041004043;0.0
MRS;2025;Posto km 64 - 452 (Linha do Centro);Ilídio (FIL), km 424,899;Carandai (FCY), km 431,095;6.196;Larga ;0;1.4;1.5;Singela;Crescente;CCO;365;TWE;;Não;Sim;12.6;0.0;;3.0;1.0;0.8038;0.7;1;0.5627;51.9378461538;2.0;41.81;0.0;10.1265865581;0.0
MRS;2025;Posto km 64 - 452 (Linha do Centro);Carandai (FCY), km 431,095;Pedra do Sino (FPE), km 441,000;10.829;Larga ;288;1.15;1.28;Singela;Crescente;CCO;365;TWE;;Não;Sim;17.4;0.0;;3.0;1.0;0.8038;0.7;1;0.5627;39.7171764705;2.0;35.2;0.0;4.5207514876;0.0
MRS;2025;Posto km 64 - 452 (Linha do Centro);Pedra do Sino (FPE), km 441,000;Posto km 452 (FQC), km 452,000;11.0;Larga ;0;0.9;1.7;Singela;Crescente;CCO;365;TWE;;Não;Sim;13.8;0.0;;3.0;1.0;0.8038;0.7;1;0.5627;48.2279999999;2.0;41.81;0.0;6.4167404043;0.0
MRS;2025;Ligação Caetano Lopes - Alça Dupla;Alça Dupla RR-224 (FLA), km 300,216;Caetano Lopes (FLP), km 307,673;7.0;Larga ;202;1.0;0.85;Singela;Decrescente;CCO;365;TWE;8772.0;Não;Sim;0.0;10.58;;3.0;1.0;0.9533;0.79;1;0.7531;0.0;79.8581796759;0.0;20.4;0.0;59.4581796759
